,ACN_probe405nm_13mW_1800BLZ_10s_10acc,
Wavelength [nm],Counts,
405.58777,7026,
405.61624,6984.5284,
405.64471,6962.5629,
405.67318,6906.4957,
405.70165,6903.4325,
405.73012,6846.4062,
405.75859,6815.8882,
405.78706,6838.08,
405.81553,6835.5276,
405.84400,6791.4514,
405.87247,6791.1096,
405.90094,6781.4249,
405.92941,6758.6191,
405.95788,6751,
405.98635,6727.1774,
406.01482,6699.2799,
406.04329,6706.2418,
406.07176,6709.524,
406.10023,6682.9096,
406.12870,6664.3367,
406.15717,6653.8061,
406.18564,6648.8886,
406.21411,6639.0998,
406.24258,6631.459,
406.27105,6644.3666,
406.29952,6594.5048,
406.32799,6593.6812,
406.35646,6551.9221,
406.38494,6566.7189,
406.41341,6555.1289,
406.44188,6547.3588,
406.47035,6526.7359,
406.49882,6505.4841,
406.52729,6553.3344,
406.55576,6507.9319,
406.58423,6502.2828,
406.61270,6479.1991,
406.64117,6478.8956,
406.66964,6463.5301,
406.69811,6457.6016,
406.72658,6444.1969,
406.75505,6438.4994,
406.78352,6432.2045,
406.81199,6431.7113,
406.84046,6427.3775,
406.86893,6422.2927,
406.89740,6430.4162,
406.92587,6424.4907,
406.95434,6414.6994,
406.98281,6418.2156,
407.01128,6417.3319,
407.03975,6412.2625,
407.06822,6445.433,
407.09669,6457.9945,
407.12516,6428.6658,
407.15363,6447.7229,
407.18210,6519.4855,
407.21057,6517.6561,
407.23904,6584.6216,
407.26751,6662.0082,
407.29598,6725.0742,
407.32445,6856.2165,
407.35292,6955.9905,
407.38139,7194.2211,
407.40986,7434.9553,
407.43833,7776.0381,
407.46680,8291.1941,
407.49527,8933.5529,
407.52374,9800.457,
407.55221,10932.581,
407.58068,12410.72,
407.60915,14319.124,
407.63762,16568.794,
407.66609,19194.597,
407.69456,22032.045,
407.72303,24746.047,
407.75150,27114.569,
407.77997,29034.559,
407.80844,30418.274,
407.83691,31084.127,
407.86538,31175.727,
407.89385,30875.06,
407.92232,29946.202,
407.95079,29033.304,
407.97926,27989.089,
408.00773,27022.118,
408.03620,26185.249,
408.06467,25464.515,
408.09314,24554.075,
408.12161,23929.931,
408.15008,23299.189,
408.17855,22646.135,
408.20702,22004.291,
408.23549,21489.723,
408.26396,20889.281,
408.29243,20474.738,
408.32090,19994.572,
408.34937,19466.62,
408.37784,19028.658,
408.40631,18536.331,
408.43478,18062.78,
408.46325,17657.009,
408.49172,17210.411,
408.52019,16809.888,
408.54866,16435.556,
408.57713,16119.171,
408.60560,15812.864,
408.63407,15480.478,
408.66254,15150.654,
408.69101,14826.176,
408.71948,14531.525,
408.74795,14266.779,
408.77642,14040.175,
408.80489,13784.214,
408.83336,13576.415,
408.86183,13401.239,
408.89030,13137.594,
408.91877,12959.186,
408.94724,12824.167,
408.97571,12682.482,
409.00418,12493.796,
409.03265,12259.244,
409.06112,12114.567,
409.08959,11877.889,
409.11806,11770.153,
409.14653,11608.704,
409.17500,11471.19,
409.20347,11296.405,
409.23194,11193.826,
409.26041,11109.024,
409.28888,11058.171,
409.31735,10906.311,
409.34582,10796.567,
409.37429,10693.571,
409.40276,10632.428,
409.43123,10508.258,
409.45970,10456.471,
409.48817,10400.425,
409.51664,10326.786,
409.54511,10241.911,
409.57358,10152.922,
409.60205,10094.949,
409.63052,10088.583,
409.65899,10088.035,
409.68747,10052.878,
409.71594,10016.479,
409.74441,9957.2166,
409.77288,9920.0716,
409.80135,9875.5054,
409.82982,9874.6161,
409.85829,9895.4406,
409.88676,9870.404,
409.91523,9907.3884,
409.94370,9866.3305,
409.97217,9896.9923,
410.00064,9841.5596,
410.02911,9923.4,
410.05758,9933.4695,
410.08605,10048.01,
410.11452,10053.844,
410.14299,10061.572,
410.17146,10151.137,
410.19993,10144.737,
410.22840,10247.546,
410.25687,10299.138,
410.28534,10387.738,
410.31381,10462.522,
410.34228,10632.727,
410.37075,10707.738,
410.39922,10819.266,
410.42769,10885.221,
410.45616,11042.071,
410.48463,11233.483,
410.51310,11371.906,
410.54157,11515.011,
410.57004,11679.042,
410.59851,11902.388,
410.62698,12207.424,
410.65545,12499.09,
410.68392,12800.417,
410.71239,13127.032,
410.74086,13473.747,
410.76933,13965.674,
410.79780,14548.165,
410.82627,15231.208,
410.85474,15924.275,
410.88321,16862.512,
410.91168,17893.299,
410.94015,19227.615,
410.96862,20721.962,
410.99709,22605.147,
411.02556,24883.216,
411.05403,27722.805,
411.08250,31257.555,
411.11097,35460.191,
411.13944,40607.954,
411.16791,47160.68,
411.19638,55100.919,
411.22485,64304.719,
411.25332,74378.59,
411.28179,84067.717,
411.31026,92882.509,
411.33873,98449.63,
411.36720,100421.16,
411.39567,98163.726,
411.42414,91745.945,
411.45261,82737.908,
411.48108,72261.697,
411.50955,61520.535,
411.53802,51802.251,
411.56649,43585.655,
411.59496,36917.03,
411.62343,31732.784,
411.65190,27775.293,
411.68037,24706.574,
411.70884,22345.962,
411.73731,20447.236,
411.76578,18945.9,
411.79425,17760.934,
411.82272,16683.82,
411.85119,15811.441,
411.87966,15103.132,
411.90813,14482.934,
411.93660,13892.722,
411.96507,13298.459,
411.99354,12807.364,
412.02201,12493.698,
412.05048,12142.862,
412.07895,11870.233,
412.10742,11535.588,
412.13589,11327.099,
412.16436,11133.933,
412.19283,10802.652,
412.22130,10640.964,
412.24977,10456.216,
412.27824,10228.527,
412.30671,10075.251,
412.33518,9917.0927,
412.36365,9701.851,
412.39212,9618.6505,
412.42059,9472.8729,
412.44906,9301.2559,
412.47753,9172.8531,
412.50600,9100.8019,
412.53447,8953.0238,
412.56294,8854.0834,
412.59141,8729.7971,
412.61988,8649.5826,
412.64835,8589.9323,
412.67682,8506.3046,
412.70529,8426.6191,
412.73376,8312.466,
412.76223,8202.6617,
412.79070,8132.8319,
412.81917,8097.0737,
412.84764,8003.9295,
412.87611,7923.0248,
412.90458,7883.3661,
412.93305,7825.1967,
412.96152,7762.5091,
412.99000,7708.2156,
413.01847,7664.9585,
413.04694,7623.0118,
413.07541,7569.9766,
413.10388,7512.8218,
413.13235,7481.3292,
413.16082,7448.535,
413.18929,7361.2886,
413.21776,7355.6028,
413.24623,7329.9306,
413.27470,7297.8782,
413.30317,7260.9617,
413.33164,7208.1732,
413.36011,7169.3628,
413.38858,7076.0795,
413.41705,7052.2482,
413.44552,7061.9082,
413.47399,7058.1918,
413.50246,7019.9297,
413.53093,6998.3215,
413.55940,6973.8408,
413.58787,6946.4401,
413.61634,6961.4069,
413.64481,6904.5603,
413.67328,6958.064,
413.70175,6909.0485,
413.73022,6897.7317,
413.75869,6890.1444,
413.78716,6903.2105,
413.81563,6900.2955,
413.84410,6916.4677,
413.87257,6931.0503,
413.90104,6922.716,
413.92951,6964.352,
413.95798,6989.529,
413.98645,6994.3801,
414.01492,7021.7779,
414.04339,7046.6797,
414.07186,7054.2567,
414.10033,7060.4709,
414.12880,7039.3269,
414.15727,6997.0482,
414.18574,6969.2517,
414.21421,6900.9254,
414.24268,6846,
414.27115,6812.457,
414.29962,6766.2815,
414.32809,6742.8509,
414.35656,6700.0349,
414.38503,6655.722,
414.41350,6639.1197,
414.44197,6616.5762,
414.47044,6601.6535,
414.49891,6591.1988,
414.52738,6563.6318,
414.55585,6553.3221,
414.58432,6554.0045,
414.61279,6512.5035,
414.64126,6512.1437,
414.66973,6512.8603,
414.69820,6500.2403,
414.72667,6500.2414,
414.75514,6513.7302,
414.78361,6497.3014,
414.81208,6476.5004,
414.84055,6501.4676,
414.86902,6477.5231,
414.89749,6482.5518,
414.92596,6456.9347,
414.95443,6429.3742,
414.98290,6449.978,
415.01137,6457.8412,
415.03984,6433.004,
415.06831,6443.3121,
415.09678,6449.5441,
415.12525,6450.9054,
415.15372,6607.9762,
415.18219,7079.5538,
415.21066,8061.6709,
415.23913,7072.9911,
415.26760,6542.3725,
415.29607,6435.0499,
415.32454,6431.2133,
415.35301,6446.6526,
415.38148,6433.2318,
415.40995,6429.1668,
415.43842,6441.9719,
415.46689,6444.255,
415.49536,6422.9501,
415.52383,6421.4559,
415.55230,6419.041,
415.58077,6412.5405,
415.60924,6424.7345,
415.63771,6434,
415.66618,6458.7224,
415.69465,6459.4933,
415.72312,6455.0629,
415.75159,6452.7756,
415.78006,6442.9678,
415.80853,6441.2032,
415.83700,6445.6887,
415.86547,6458.2003,
415.89394,6469.0343,
415.92241,6491.7658,
415.95088,6504.3365,
415.97935,6510.0056,
416.00782,6541.5743,
416.03629,6546.8438,
416.06476,6534.5485,
416.09323,6558.0881,
416.12170,6566.9132,
416.15017,6583.4518,
416.17864,6560.8373,
416.20711,6576.5769,
416.23558,6572.6618,
416.26405,6571.5304,
416.29253,6562.5032,
416.32100,6581.6575,
416.34947,6577.6769,
416.37794,6564.7229,
416.40641,6562.3884,
416.43488,6558,
416.46335,6556.4705,
416.49182,6540.8523,
416.52029,6539.694,
416.54876,6550.205,
416.57723,6532.7772,
416.60570,6561.8998,
416.63417,6552.0581,
416.66264,6553.9568,
416.69111,6529.9329,
416.71958,6563.0924,
416.74805,6605.0498,
416.77652,6608,
416.80499,6631.408,
416.83346,6640.1939,
416.86193,6643.6083,
416.89040,6645.7082,
416.91887,6663.6142,
416.94734,6678.5292,
416.97581,6668.8753,
417.00428,6708.0379,
417.03275,6744.6764,
417.06122,6777.18,
417.08969,6810.4334,
417.11816,6850.5234,
417.14663,6876.3644,
417.17510,6910.8389,
417.20357,6948.4785,
417.23204,7026.0403,
417.26051,7108.0997,
417.28898,7217.7961,
417.31745,7298.6509,
417.34592,7424.8662,
417.37439,7563.1246,
417.40286,7728.3255,
417.43133,7968.3743,
417.45980,8247.2519,
417.48827,8565.2995,
417.51674,9010.9373,
417.54521,9508.2532,
417.57368,9981.6212,
417.60215,10500.286,
417.63062,11021.889,
417.65909,11502.305,
417.68756,11912.327,
417.71603,12195.404,
417.74450,12344.637,
417.77297,12300.071,
417.80144,12102.251,
417.82991,11797.351,
417.85838,11340.389,
417.88685,10850.273,
417.91532,10383.15,
417.94379,9924.4163,
417.97226,9557.8883,
418.00073,9194.8045,
418.02920,8876.2516,
418.05767,8536.7454,
418.08614,8334.3586,
418.11461,8078.4025,
418.14308,7828.3409,
418.17155,7703.1561,
418.20002,7563.1101,
418.22849,7455.9544,
418.25696,7348.6899,
418.28543,7264.3963,
418.31390,7170.2331,
418.34237,7152.4908,
418.37084,7065.1319,
418.39931,7030.2668,
418.42778,7015.6605,
418.45625,6997.2059,
418.48472,6930.8765,
418.51319,6952.7366,
418.54166,6943.5383,
418.57013,6847,
418.59860,6848.1356,
418.62707,6885.4905,
418.65554,6856,
418.68401,6856,
418.71248,6812.8405,
418.74095,6827.5036,
418.76942,6876.8124,
418.79789,6843.079,
418.82636,6813.9277,
418.85483,6823.0618,
418.88330,6832.1915,
418.91177,6824.913,
418.94024,6801.8248,
418.96871,6796.3735,
418.99718,6815.0095,
419.02565,6860.634,
419.05412,6833.5049,
419.08259,6820.3595,
419.11106,6838.6519,
419.13953,6861.576,
419.16800,6846.8833,
419.19647,6825.5054,
419.22494,6852.752,
419.25341,6896.3564,
419.28188,6882.9179,
419.31035,6891.3176,
419.33882,6907.2326,
419.36729,6900.1977,
419.39576,6905.2229,
419.42423,6946.037,
419.45270,6968.8822,
419.48117,6975.3884,
419.50964,6960.9872,
419.53811,6973.3598,
419.56658,6994.9886,
419.59506,7007.9967,
419.62353,7020.7611,
419.65200,7025.3844,
419.68047,7052.2437,
419.70894,7078.9296,
419.73741,7087.341,
419.76588,7117.7622,
419.79435,7152.5671,
419.82282,7165.777,
419.85129,7186.5489,
419.87976,7224.5021,
419.90823,7259.2549,
419.93670,7301.3991,
419.96517,7343.2015,
419.99364,7395.7828,
420.02211,7459.3562,
420.05058,7486,
420.07905,7532.8737,
420.10752,7629.6406,
420.13599,7702.6032,
420.16446,7791.5954,
420.19293,7924.9515,
420.22140,8072.8886,
420.24987,8294.9841,
420.27834,8620.3066,
420.30681,9042.3936,
420.33528,9556.9833,
420.36375,10171.192,
420.39222,10908.882,
420.42069,11888.684,
420.44916,13192.929,
420.47763,14928.777,
420.50610,17371.884,
420.53457,21339.083,
420.56304,28821.48,
420.59151,42227.449,
420.61998,63046.638,
420.64845,89267.448,
420.67692,115180.18,
420.70539,135340.78,
420.73386,145924.34,
420.76233,145836.79,
420.79080,133629.55,
420.81927,112627.89,
420.84774,88229.089,
420.87621,66017.601,
420.90468,47813.065,
420.93315,34504.934,
420.96162,25288.345,
420.99009,19316.011,
421.01856,15444.196,
421.04703,13049.046,
421.07550,11399.599,
421.10397,10529.012,
421.13244,9837.5385,
421.16091,9408.1646,
421.18938,9095.4275,
421.21785,8846.767,
421.24632,8667.988,
421.27479,8493.5204,
421.30326,8438.9789,
421.33173,8312.3462,
421.36020,8215.8499,
421.38867,8138.8783,
421.41714,8094.14,
421.44561,8039.2423,
421.47408,7991.7561,
421.50255,7936.4053,
421.53102,7912.0873,
421.55949,7882.7973,
421.58796,7894.9035,
421.61643,7851.3988,
421.64490,7837.5379,
421.67337,7851.8841,
421.70184,7812.313,
421.73031,7827.1166,
421.75878,7834.7833,
421.78725,7809.1095,
421.81572,7859.7968,
421.84419,7818.4227,
421.87266,7772.74,
421.90113,7804.2721,
421.92960,7813.7482,
421.95807,7821.7293,
421.98654,7815.2775,
422.01501,7802.5901,
422.04348,7838.0584,
422.07195,7861.695,
422.10042,7863.9377,
422.12889,7884.5069,
422.15736,7919.3594,
422.18583,7919.2363,
422.21430,7949.223,
422.24277,7986.6001,
422.27124,8046.1263,
422.29971,8053.8001,
422.32818,8122.0119,
422.35665,8097.0777,
422.38512,8188.5522,
422.41359,8287.2153,
422.44206,8345.3648,
422.47053,8372.8781,
422.49900,8497.9777,
422.52747,8631.4216,
422.55594,8721.8695,
422.58441,8817.3902,
422.61288,8936.0957,
422.64135,9060.2183,
422.66982,9270.0536,
422.69829,9438.5807,
422.72676,9580.9749,
422.75523,9781.3466,
422.78370,9920.6504,
422.81217,10070.222,
422.84064,10190.682,
422.86911,10213.614,
422.89759,10314.394,
422.92606,10231.117,
422.95453,10148.338,
422.98300,10065.16,
423.01147,9934.3998,
423.03994,9768.4345,
423.06841,9571.9063,
423.09688,9449.3818,
423.12535,9318.0709,
423.15382,9142.2033,
423.18229,9028.5795,
423.21076,8886.609,
423.23923,8784.5231,
423.26770,8689.9915,
423.29617,8613.3683,
423.32464,8527.1262,
423.35311,8490.5823,
423.38158,8424.3904,
423.41005,8366.7794,
423.43852,8287.0094,
423.46699,8236.6055,
423.49546,8193.4083,
423.52393,8139.5392,
423.55240,8102.263,
423.58087,8085.3384,
423.60934,8048.2025,
423.63781,8007.0587,
423.66628,7956.7385,
423.69475,7924.6401,
423.72322,7863.4214,
423.75169,7852.3021,
423.78016,7823.208,
423.80863,7800.5799,
423.83710,7780.2143,
423.86557,7741.6265,
423.89404,7748.1558,
423.92251,7724.4326,
423.95098,7716.2178,
423.97945,7661.1344,
424.00792,7638.4347,
424.03639,7633.1495,
424.06486,7619.7518,
424.09333,7618.4072,
424.12180,7557.4661,
424.15027,7568.0048,
424.17874,7586.3236,
424.20721,7551.5812,
424.23568,7526.9195,
424.26415,7509.5615,
424.29262,7478.1903,
424.32109,7488.0834,
424.34956,7482.9701,
424.37803,7481.6668,
424.40650,7459.7107,
424.43497,7456.3014,
424.46344,7400.6374,
424.49191,7377.2855,
424.52038,7408.1158,
424.54885,7389.6374,
424.57732,7345.296,
424.60579,7360.6473,
424.63426,7362.8381,
424.66273,7331.6757,
424.69120,7323.5975,
424.71967,7313.5318,
424.74814,7287.3288,
424.77661,7296.0022,
424.80508,7284.3902,
424.83355,7236.3484,
424.86202,7271.9527,
424.89049,7256.5308,
424.91896,7267.6501,
424.94743,7227.8256,
424.97590,7242.0964,
425.00437,7264.0393,
425.03284,7217.2488,
425.06131,7207.3809,
425.08978,7233.9609,
425.11825,7218.493,
425.14672,7212.1971,
425.17519,7226.4735,
425.20366,7226.7603,
425.23213,7222.6892,
425.26060,7237.7407,
425.28907,7216.4623,
425.31754,7225.9652,
425.34601,7225.8475,
425.37448,7219.6583,
425.40295,7243.7267,
425.43142,7238.8431,
425.45989,7251.1439,
425.48836,7234.2101,
425.51683,7202.1088,
425.54530,7192.3363,
425.57377,7218.5901,
425.60224,7230.0023,
425.63071,7214.9912,
425.65918,7234.0651,
425.68765,7236.9554,
425.71612,7266.8922,
425.74459,7259.1205,
425.77306,7256.4345,
425.80153,7259.6492,
425.83000,7261.031,
425.85847,7289.8241,
425.88694,7278.5081,
425.91541,7256.7688,
425.94388,7297.1363,
425.97235,7294.6848,
426.00082,7296.3778,
426.02929,7305.4481,
426.05776,7318.7581,
426.08623,7333.7123,
426.11470,7328.2578,
426.14317,7332.3767,
426.17164,7385.0215,
426.20012,7377.193,
426.22859,7391.0838,
426.25706,7424.6362,
426.28553,7471.6221,
426.31400,7459.2174,
426.34247,7448.715,
426.37094,7498.5138,
426.39941,7505.7552,
426.42788,7519.7987,
426.45635,7562.5657,
426.48482,7551.9533,
426.51329,7566.4113,
426.54176,7615.4014,
426.57023,7662.4542,
426.59870,7676.9627,
426.62717,7678,
426.65564,7748.2182,
426.68411,7765.998,
426.71258,7815.2415,
426.74105,7794.1545,
426.76952,7851.9498,
426.79799,7904.5517,
426.82646,7934.7176,
426.85493,7974.1487,
426.88340,7994.8435,
426.91187,8039.2461,
426.94034,8074.4593,
426.96881,8142.2908,
426.99728,8189.0063,
427.02575,8235.8842,
427.05422,8295.4466,
427.08269,8396.9722,
427.11116,8420.6113,
427.13963,8485.7818,
427.16810,8552.2799,
427.19657,8618.0022,
427.22504,8686.754,
427.25351,8729.5947,
427.28198,8835.7559,
427.31045,8911.161,
427.33892,8965.6957,
427.36739,9037.3664,
427.39586,9118.6612,
427.42433,9189.9414,
427.45280,9347.7437,
427.48127,9406.5513,
427.50974,9499.7333,
427.53821,9608.2188,
427.56668,9770.4737,
427.59515,9829.8773,
427.62362,9948.7487,
427.65209,10039.867,
427.68056,10151.487,
427.70903,10290.501,
427.73750,10457.718,
427.76597,10503.193,
427.79444,10698.356,
427.82291,10741.849,
427.85138,10954.491,
427.87985,11081.499,
427.90832,11278.466,
427.93679,11340.261,
427.96526,11516.642,
427.99373,11811.049,
428.02220,11931.166,
428.05067,12160.433,
428.07914,12391.866,
428.10761,12574.069,
428.13608,12805.647,
428.16455,13057.987,
428.19302,13312.702,
428.22149,13637.447,
428.24996,13928.099,
428.27843,14143.264,
428.30690,14532.644,
428.33537,14773.573,
428.36384,14980.383,
428.39231,15478.191,
428.42078,15825.737,
428.44925,16229.981,
428.47772,16886.704,
428.50619,17444.325,
428.53466,18126.628,
428.56313,18966.739,
428.59160,19958.798,
428.62007,21190.756,
428.64854,22685.831,
428.67701,24537.006,
428.70548,26896.776,
428.73395,30043.531,
428.76242,33855.57,
428.79089,38840.441,
428.81936,44884.965,
428.84783,52496.356,
428.87630,60000.943,
428.90477,66822.634,
428.93324,71499.268,
428.96171,73805.155,
428.99018,73227.496,
429.01865,70048.796,
429.04712,64682.967,
429.07559,58557.829,
429.10406,52725.244,
429.13253,47152.063,
429.16100,42901.629,
429.18947,39488.72,
429.21794,36756.844,
429.24641,34814.536,
429.27488,33451.768,
429.30335,32311.29,
429.33182,31615.642,
429.36029,31241.623,
429.38876,30994.804,
429.41723,30928.381,
429.44570,30926.799,
429.47417,30925.037,
429.50265,31116.914,
429.53112,31393.544,
429.55959,31548.815,
429.58806,31676.895,
429.61653,31828.769,
429.64500,32009.82,
429.67347,32125.955,
429.70194,32214.528,
429.73041,32072.896,
429.75888,32048,
429.78735,32044.922,
429.81582,31975.877,
429.84429,31907.465,
429.87276,31972.495,
429.90123,32064.441,
429.92970,32222.845,
429.95817,32350.503,
429.98664,32525.37,
430.01511,32777.634,
430.04358,33087.786,
430.07205,33586.625,
430.10052,34085.189,
430.12899,34483.997,
430.15746,34940.707,
430.18593,35354.685,
430.21440,35664.685,
430.24287,35946.679,
430.27134,36049.354,
430.29981,36017.955,
430.32828,35943.441,
430.35675,35558.589,
430.38522,35032.009,
430.41369,34539.471,
430.44216,33802.147,
430.47063,32974.117,
430.49910,32115.326,
430.52757,31266.216,
430.55604,30237.712,
430.58451,29264.99,
430.61298,28333.467,
430.64145,27313.545,
430.66992,26474.774,
430.69839,25741.665,
430.72686,24940.017,
430.75533,24273.181,
430.78380,23665.449,
430.81227,23102.37,
430.84074,22519.355,
430.86921,21919.584,
430.89768,21588.605,
430.92615,21127.744,
430.95462,20705.727,
430.98309,20374.547,
431.01156,20071.841,
431.04003,19747.708,
431.06850,19416.257,
431.09697,19139.311,
431.12544,18948.254,
431.15391,18705.676,
431.18238,18487.801,
431.21085,18280.012,
431.23932,18118.161,
431.26779,17883.05,
431.29626,17889.328,
431.32473,17676.598,
431.35320,17495.284,
431.38167,17354.088,
431.41014,17149.945,
431.43861,17147.847,
431.46708,16961.645,
431.49555,16827.367,
431.52402,16700.503,
431.55249,16594.105,
431.58096,16450.225,
431.60943,16365.008,
431.63790,16090.466,
431.66637,16053.26,
431.69484,15918.049,
431.72331,15855.809,
431.75178,15649.359,
431.78025,15555.815,
431.80872,15415.74,
431.83719,15276.957,
431.86566,15148.946,
431.89413,14977.904,
431.92260,14819.699,
431.95107,14767.82,
431.97954,14695.314,
432.00801,14516.003,
432.03648,14403.277,
432.06495,14286.701,
432.09342,14084.917,
432.12189,13904.396,
432.15036,13813.261,
432.17883,13769.761,
432.20730,13667.067,
432.23577,13506.248,
432.26424,13381.188,
432.29271,13233.626,
432.32118,13076.459,
432.34965,12984.66,
432.37812,12821.245,
432.40659,12671.876,
432.43506,12505.305,
432.46353,12336.86,
432.49200,12216.491,
432.52047,12084.998,
432.54894,11944.299,
432.57741,11831.243,
432.60588,11695.713,
432.63435,11584.895,
432.66282,11431.036,
432.69129,11281.041,
432.71976,11195.586,
432.74823,11113.208,
432.77670,11026.077,
432.80518,10901.981,
432.83365,10771.06,
432.86212,10675.915,
432.89059,10548.082,
432.91906,10450.654,
432.94753,10377.475,
432.97600,10290.398,
433.00447,10225.083,
433.03294,10128.882,
433.06141,10073.041,
433.08988,9965.7302,
433.11835,9834.277,
433.14682,9787.188,
433.17529,9693.6597,
433.20376,9646.9808,
433.23223,9572.4439,
433.26070,9460.9896,
433.28917,9457.0299,
433.31764,9345.6718,
433.34611,9268.1165,
433.37458,9202.4967,
433.40305,9149.5804,
433.43152,9149.6471,
433.45999,9018.8055,
433.48846,8972.1328,
433.51693,8947.0788,
433.54540,8921.0673,
433.57387,8844.6718,
433.60234,8805.8736,
433.63081,8697,
433.65928,8689.395,
433.68775,8660.2241,
433.71622,8640.6422,
433.74469,8618.9253,
433.77316,8545.222,
433.80163,8476.8996,
433.83010,8516.5149,
433.85857,8472.0393,
433.88704,8405.5337,
433.91551,8365.1834,
433.94398,8352.1776,
433.97245,8328.1763,
434.00092,8296.5922,
434.02939,8270.3684,
434.05786,8263.4917,
434.08633,8247.69,
434.11480,8205.0833,
434.14327,8162.4386,
434.17174,8139.1022,
434.20021,8139.9887,
434.22868,8118.5686,
434.25715,8077.4744,
434.28562,8083.401,
434.31409,8098.2801,
434.34256,8079.088,
434.37103,8048.8974,
434.39950,8007.9661,
434.42797,8019.1096,
434.45644,7976.2928,
434.48491,7979.7421,
434.51338,7942.7079,
434.54185,7945.5096,
434.57032,7949,
434.59879,7890.751,
434.62726,7906.7631,
434.65573,7958.6561,
434.68420,7919.9113,
434.71267,7903.947,
434.74114,7851.275,
434.76961,7915.1918,
434.79808,7910.165,
434.82655,7855.0597,
434.85502,7879.9074,
434.88349,7823.7563,
434.91196,7866.6104,
434.94043,7841.1258,
434.96890,7809.633,
434.99737,7830.8298,
435.02584,7810.5716,
435.05431,7826.2325,
435.08278,7791.0647,
435.11125,7797.3831,
435.13972,7800.1689,
435.16819,7790.476,
435.19666,7793.0333,
435.22513,7800.1803,
435.25360,7800.232,
435.28207,7785.8662,
435.31054,7810.3605,
435.33901,7806.5068,
435.36748,7794.2372,
435.39595,7799.4336,
435.42442,7809.8458,
435.45289,7795.9139,
435.48136,7767.708,
435.50983,7772.5376,
435.53830,7782.9213,
435.56677,7775.4171,
435.59524,7773.4513,
435.62371,7784.9686,
435.65218,7827.697,
435.68065,7840.5879,
435.70912,7857.452,
435.73759,7901.1417,
435.76606,8000.9148,
435.79453,8119.9043,
435.82300,8146.0815,
435.85147,8206.0289,
435.87994,8163.8888,
435.90841,8123.59,
435.93688,8039.7376,
435.96535,7969.6195,
435.99382,7882.4402,
436.02229,7908.2702,
436.05076,7934.5789,
436.07923,7960.8383,
436.10771,7944.2192,
436.13618,7948.7677,
436.16465,7952.9343,
436.19312,7944.0772,
436.22159,7956.7448,
436.25006,7951.2028,
436.27853,8009.0923,
436.30700,7985.2879,
436.33547,7984.0854,
436.36394,7964.1869,
436.39241,8023.7745,
436.42088,8032.5313,
436.44935,7986.7902,
436.47782,7988.3278,
436.50629,7998.5579,
436.53476,8017.9907,
436.56323,8053.8317,
436.59170,8072.1536,
436.62017,8074.1089,
436.64864,8063.7533,
436.67711,8084.2345,
436.70558,8069.5377,
436.73405,8088.59,
436.76252,8122.6208,
436.79099,8115.9347,
436.81946,8133.3575,
436.84793,8118.5664,
436.87640,8111.9283,
436.90487,8122.4954,
436.93334,8129.7278,
436.96181,8142.9513,
436.99028,8177.1737,
437.01875,8184.1597,
437.04722,8208.8701,
437.07569,8213.7166,
437.10416,8231.3198,
437.13263,8260.5299,
437.16110,8305.4605,
437.18957,8340.5963,
437.21804,8338.3485,
437.24651,8397.3553,
437.27498,8515.7167,
437.30345,8560.3393,
437.33192,8722.3819,
437.36039,8795.2499,
437.38886,8982.688,
437.41733,9066.6038,
437.44580,9091.6627,
437.47427,9081.9255,
437.50274,9038.2825,
437.53121,8988.4588,
437.55968,8935.1636,
437.58815,8865.3982,
437.61662,8709.8413,
437.64509,8663.835,
437.67356,8630.25,
437.70203,8562.6135,
437.73050,8466.5523,
437.75897,8359.1802,
437.78744,8358.2643,
437.81591,8366.9381,
437.84438,8298.307,
437.87285,8237.1009,
437.90132,8210.5326,
437.92979,8189.5524,
437.95826,8178.0609,
437.98673,8169.1911,
438.01520,8127.2082,
438.04367,8122.3399,
438.07214,8114.5687,
438.10061,8090.1429,
438.12908,8056.7335,
438.15755,8049.2233,
438.18602,8051.282,
438.21449,8087.483,
438.24296,8073.78,
438.27143,8119.4565,
438.29990,8077.7517,
438.32837,8041.3093,
438.35684,8085.3047,
438.38531,8106.483,
438.41378,8109.8643,
438.44225,8012.1604,
438.47072,8042.521,
438.49919,8004.5255,
438.52766,8039.6222,
438.55613,7960.2039,
438.58460,7963.286,
438.61307,7966.9818,
438.64154,7972.0477,
438.67001,7956.2021,
438.69848,7946.7274,
438.72695,7979.4627,
438.75542,7944.0252,
438.78389,7991.944,
438.81236,7965.3007,
438.84083,7940.6882,
438.86930,7932.3276,
438.89777,7906.7997,
438.92624,7903.7018,
438.95471,7922.1057,
438.98318,7943.4685,
439.01165,7959.9748,
439.04012,7923.3004,
439.06859,7923.74,
439.09706,7928.472,
439.12553,7947.3077,
439.15400,7914.9341,
439.18247,7889.3666,
439.21094,7931.2928,
439.23941,7885.0438,
439.26788,7873.7721,
439.29635,7901.7465,
439.32482,7883.1849,
439.35329,7882.2806,
439.38176,7885.6554,
439.41024,7877.772,
439.43871,7889.2636,
439.46718,7912.3687,
439.49565,7893.0199,
439.52412,7902.4436,
439.55259,7857.0253,
439.58106,7909.6665,
439.60953,7966.6417,
439.63800,7954.4639,
439.66647,7905.7158,
439.69494,7933.8747,
439.72341,7934.0969,
439.75188,7906.1076,
439.78035,7906.3732,
439.80882,7940.741,
439.83729,7939.1519,
439.86576,7929.5173,
439.89423,7896.5064,
439.92270,7908.5099,
439.95117,7947.6866,
439.97964,7943.4126,
440.00811,7902.5352,
440.03658,7927.164,
440.06505,7918.2216,
440.09352,7937.9573,
440.12199,7954.0717,
440.15046,7922.3466,
440.17893,7935.2713,
440.20740,7957.7976,
440.23587,7990.2103,
440.26434,7945.0573,
440.29281,7923.7001,
440.32128,7906.2239,
440.34975,7908.5376,
440.37822,7899.6136,
440.40669,7906.7586,
440.43516,7917.033,
440.46363,7946.9641,
440.49210,7915.1077,
440.52057,7901.6193,
440.54904,7901.7996,
440.57751,7915.8185,
440.60598,7866.7542,
440.63445,7935.1074,
440.66292,7939.5064,
440.69139,7938.435,
440.71986,7923.4451,
440.74833,7913.3702,
440.77680,7929.7615,
440.80527,7933.4766,
440.83374,7948.5662,
440.86221,7958.2299,
440.89068,7923.9744,
440.91915,7905.7469,
440.94762,7945.5606,
440.97609,7958.088,
441.00456,7935.6717,
441.03303,7911.5625,
441.06150,7919.483,
441.08997,7917.8995,
441.11844,7904.2325,
441.14691,7953.1213,
441.17538,7972.6775,
441.20385,7944.5028,
441.23232,7930.995,
441.26079,7944.0026,
441.28926,7937.2675,
441.31773,7941.9985,
441.34620,7975.2821,
441.37467,8010.7519,
441.40314,7980.4914,
441.43161,7996.5231,
441.46008,8004.3565,
441.48855,7963.1968,
441.51702,7978.9978,
441.54549,8007.6043,
441.57396,8007.3719,
441.60243,7985.0394,
441.63090,8022.2016,
441.65937,8061.7132,
441.68784,8082.1817,
441.71631,8047.9662,
441.74478,8045.1076,
441.77325,8081.5935,
441.80172,8063.2416,
441.83019,8063.4968,
441.85866,8115.3109,
441.88713,8135.3499,
441.91560,8164.3734,
441.94407,8200.5453,
441.97254,8240.1328,
442.00101,8216.4838,
442.02948,8224.2559,
442.05795,8259.6434,
442.08642,8262.166,
442.11489,8331.485,
442.14336,8333.0265,
442.17183,8365.3277,
442.20030,8338.2886,
442.22877,8388.5031,
442.25724,8344.8884,
442.28571,8348.2442,
442.31418,8331.2369,
442.34265,8315.8118,
442.37112,8321.3002,
442.39959,8360.6461,
442.42806,8327.627,
442.45653,8326.7456,
442.48500,8308.7991,
442.51347,8292.2806,
442.54194,8296.2171,
442.57041,8309.1149,
442.59888,8309.0159,
442.62735,8296.3736,
442.65582,8299.3731,
442.68429,8301.9513,
442.71277,8306.3947,
442.74124,8340.0095,
442.76971,8286.5687,
442.79818,8329.0678,
442.82665,8326.3089,
442.85512,8355.5175,
442.88359,8361.8307,
442.91206,8349.6257,
442.94053,8368.7695,
442.96900,8363.3771,
442.99747,8379.9798,
443.02594,8403.982,
443.05441,8360.6535,
443.08288,8436.5517,
443.11135,8452.3756,
443.13982,8476.6073,
443.16829,8454,
443.19676,8474.2025,
443.22523,8524.1578,
443.25370,8553.202,
443.28217,8565.4571,
443.31064,8596.9313,
443.33911,8626.6458,
443.36758,8594.8264,
443.39605,8613.0471,
443.42452,8629.1396,
443.45299,8660.2345,
443.48146,8688.8255,
443.50993,8732.1394,
443.53840,8747.5427,
443.56687,8784.4185,
443.59534,8841.2971,
443.62381,8809.2718,
443.65228,8907.4359,
443.68075,8895.8035,
443.70922,8963,
