,FeF20+Zn(Hg)_probe405nm_13mW_1800BLZ_10s_10acc,
Wavelength [nm],Counts,
405.58777,5804,
405.61624,5818.4668,
405.64471,5808.7814,
405.67318,5796.3843,
405.70165,5807.8717,
405.73012,5800.9495,
405.75859,5792.7002,
405.78706,5778.2122,
405.81553,5791.2085,
405.84400,5791.8632,
405.87247,5783.8258,
405.90094,5774.2711,
405.92941,5779.8042,
405.95788,5767.4964,
405.98635,5762.151,
406.01482,5767.3359,
406.04329,5757.5023,
406.07176,5755.4147,
406.10023,5763.413,
406.12870,5767.0029,
406.15717,5761.6864,
406.18564,5770.1114,
406.21411,5771.4116,
406.24258,5756.5849,
406.27105,5755.3072,
406.29952,5738.3978,
406.32799,5754.5405,
406.35646,5750.5187,
406.38494,5759.0234,
406.41341,5759.9893,
406.44188,5770.5067,
406.47035,5747.9726,
406.49882,5737.1292,
406.52729,5733.4406,
406.55576,5746.1074,
406.58423,5745.0732,
406.61270,5728.9691,
406.64117,5727.5889,
406.66964,5733.1044,
406.69811,5728.4959,
406.72658,5731.7847,
406.75505,5740.0826,
406.78352,5734.2045,
406.81199,5737.3251,
406.84046,5738.3089,
406.86893,5737.5401,
406.89740,5738.4283,
406.92587,5734.1896,
406.95434,5746.2025,
406.98281,5743.2156,
407.01128,5740.9149,
407.03975,5725.7537,
407.06822,5731.1748,
407.09669,5724.3184,
407.12516,5739.6058,
407.15363,5744.66,
407.18210,5756.4855,
407.21057,5750.841,
407.23904,5748.3243,
407.26751,5763.8016,
407.29598,5780.2348,
407.32445,5792.9915,
407.35292,5802.899,
407.38139,5841.7273,
407.40986,5872.7506,
407.43833,5923.974,
407.46680,6014.3148,
407.49527,6114.7193,
407.52374,6235.5485,
407.55221,6430.6388,
407.58068,6674.471,
407.60915,6957.4448,
407.63762,7278.9167,
407.66609,7660.8783,
407.69456,8071.4967,
407.72303,8437.9165,
407.75150,8745.8943,
407.77997,8971.2216,
407.80844,9099.5247,
407.83691,9186.0302,
407.86538,9217.2321,
407.89385,9164.4929,
407.92232,9074.249,
407.95079,9030.2724,
407.97926,8919.3208,
408.00773,8882.6411,
408.03620,8788.7718,
408.06467,8747.7122,
408.09314,8702.8382,
408.12161,8649.8827,
408.15008,8489.0483,
408.17855,8477.3763,
408.20702,8414.179,
408.23549,8390.9601,
408.26396,8342.5855,
408.29243,8313.1883,
408.32090,8253.6437,
408.34937,8200.2685,
408.37784,8125.7831,
408.40631,8118.7164,
408.43478,8112.9392,
408.46325,8076.9454,
408.49172,8028.2285,
408.52019,7986.2093,
408.54866,7987.5109,
408.57713,7980.5968,
408.60560,7956.8787,
408.63407,7923.2097,
408.66254,7888.6218,
408.69101,7852.3206,
408.71948,7802.0782,
408.74795,7782.6324,
408.77642,7760.5425,
408.80489,7723.0853,
408.83336,8336.4821,
408.86183,9514.9611,
408.89030,7712.5744,
408.91877,7853.8185,
408.94724,7858.376,
408.97571,7619.0896,
409.00418,7568.8953,
409.03265,7586.3362,
409.06112,7712.0651,
409.08959,7554.8878,
409.11806,7446.1815,
409.14653,7395.8882,
409.17500,7382.9578,
409.20347,7369.6286,
409.23194,7340.6572,
409.26041,7340.1265,
409.28888,7300.3937,
409.31735,7310.7129,
409.34582,7290.427,
409.37429,7303.6939,
409.40276,7300.0747,
409.43123,7305.0742,
409.45970,7322.8298,
409.48817,7336.5326,
409.51664,7326.8709,
409.54511,7302.0507,
409.57358,7303.7136,
409.60205,7298.7843,
409.63052,7271.3354,
409.65899,7276.3619,
409.68747,7292.4539,
409.71594,7272.7393,
409.74441,7253.7351,
409.77288,7260.0542,
409.80135,7235.5162,
409.82982,7201,
409.85829,7200.5507,
409.88676,7201.5561,
409.91523,7218.4077,
409.94370,7242.2627,
409.97217,7196.2406,
410.00064,7207.1042,
410.02911,7219.4,
410.05758,7226.0882,
410.08605,7229.012,
410.11452,7235.8185,
410.14299,7244.5183,
410.17146,7250.5136,
410.19993,7261.6974,
410.22840,7220.6633,
410.25687,7281.7667,
410.28534,7334.6552,
410.31381,7335.398,
410.34228,7323.188,
410.37075,7347.6482,
410.39922,7404.2296,
410.42769,7418.6131,
410.45616,7418.5853,
410.48463,7456.5417,
410.51310,7564.3084,
410.54157,7678.4228,
410.57004,7781.3355,
410.59851,7881.6334,
410.62698,7981.3722,
410.65545,8054.0484,
410.68392,8090.7078,
410.71239,8120.4851,
410.74086,8122.0453,
410.76933,8089.6223,
410.79780,8044.8748,
410.82627,8024.5024,
410.85474,8058.7021,
410.88321,8176.5322,
410.91168,8262.4446,
410.94015,8413.5739,
410.96862,8626.3061,
410.99709,8975.1232,
411.02556,9288.4833,
411.05403,9606.0781,
411.08250,10126.483,
411.11097,10687.106,
411.13944,11472.121,
411.16791,12243.718,
411.19638,13044.195,
411.22485,13890.014,
411.25332,14690.412,
411.28179,15143.443,
411.31026,15235.949,
411.33873,15079.63,
411.36720,14401.316,
411.39567,13635.098,
411.42414,12821.918,
411.45261,11934.315,
411.48108,11025.363,
411.50955,10290.383,
411.53802,9693.4238,
411.56649,9288.0626,
411.59496,8949.5832,
411.62343,8657.904,
411.65190,8423.033,
411.68037,8225.1707,
411.70884,8111.5947,
411.73731,8011.1432,
411.76578,7901.4115,
411.79425,7821.5498,
411.82272,7747.2054,
411.85119,7686.2045,
411.87966,7616.1796,
411.90813,7582.9732,
411.93660,7565.5423,
411.96507,7528.9518,
411.99354,7453.8363,
412.02201,7384.6652,
412.05048,7390.4274,
412.07895,7377.2125,
412.10742,7314.993,
412.13589,7312.2185,
412.16436,7270.9928,
412.19283,7313.6604,
412.22130,7289.9543,
412.24977,7276.6884,
412.27824,7291.1991,
412.30671,7299.9856,
412.33518,7281.48,
412.36365,7319.996,
412.39212,7244.0851,
412.42059,7233.4798,
412.44906,7215.3883,
412.47753,7188.1419,
412.50600,7209.8483,
412.53447,7181.7691,
412.56294,7168.4892,
412.59141,7167,
412.61988,7150.7003,
412.64835,7127.7729,
412.67682,7132.8107,
412.70529,7113.8172,
412.73376,7092.268,
412.76223,7107.0288,
412.79070,7085.8319,
412.81917,7063.4197,
412.84764,7079.1681,
412.87611,7090.3955,
412.90458,7077.7318,
412.93305,7073.8544,
412.96152,7069.7904,
412.99000,7068.5591,
413.01847,7073.2907,
413.04694,7061.5991,
413.07541,7073.8132,
413.10388,7096.3927,
413.13235,7091.3538,
413.16082,7060.486,
413.18929,7063.9796,
413.21776,7057.1342,
413.24623,7045.6423,
413.27470,7031.1188,
413.30317,7051.0064,
413.33164,7049.1676,
413.36011,7012.3186,
413.38858,7055.7833,
413.41705,7053.4469,
413.44552,7095.1737,
413.47399,7082.226,
413.50246,7023.9134,
413.53093,7118.8329,
413.55940,7077.0398,
413.58787,7083.89,
413.61634,7079.1853,
413.64481,7134.5564,
413.67328,7136.1592,
413.70175,7165.6733,
413.73022,7213.7804,
413.75869,7179.7231,
413.78716,7147.9226,
413.81563,7170.7074,
413.84410,7187.3218,
413.87257,7198.5041,
413.90104,7193.4773,
413.92951,7134.6757,
413.95798,7141.0086,
413.98645,7132.6779,
414.01492,7090.5276,
414.04339,7096.0616,
414.07186,7058.9889,
414.10033,7062.2174,
414.12880,7079.4753,
414.15727,7040.7064,
414.18574,7046.353,
414.21421,7068.2084,
414.24268,7068.0629,
414.27115,7067.6526,
414.29962,7096.9516,
414.32809,7119.1615,
414.35656,7087.6289,
414.38503,7070.128,
414.41350,7067.6332,
414.44197,7074.6337,
414.47044,7074.6929,
414.49891,7068.8125,
414.52738,7074.8767,
414.55585,7109.6432,
414.58432,7074.4478,
414.61279,7077.8872,
414.64126,7119.1375,
414.66973,7104.1633,
414.69820,7133.2906,
414.72667,7130.9474,
414.75514,7151.3683,
414.78361,7135.8874,
414.81208,7163.7092,
414.84055,7133.8455,
414.86902,7170.7758,
414.89749,7168.0557,
414.92596,7167.7143,
414.95443,7134.1069,
414.98290,7139.9937,
415.01137,7147.8412,
415.03984,7183.5713,
415.06831,7135.038,
415.09678,7120.9117,
415.12525,7137.203,
415.15372,7131.905,
415.18219,7090.1865,
415.21066,7088.2496,
415.23913,7076.527,
415.26760,7091.077,
415.29607,7126.796,
415.32454,7092.2836,
415.35301,7086.8263,
415.38148,7084.5579,
415.40995,7077.9442,
415.43842,7083.7465,
415.46689,7102.0976,
415.49536,7095.6334,
415.52383,7094.8541,
415.55230,7118.2443,
415.58077,7136.7635,
415.60924,7135.0285,
415.63771,7158.8153,
415.66618,7159.3344,
415.69465,7168.4941,
415.72312,7186.8928,
415.75159,7183.4719,
415.78006,7184.9517,
415.80853,7178.5081,
415.83700,7177.6033,
415.86547,7201.3215,
415.89394,7210.6571,
415.92241,7200.3771,
415.95088,7201.109,
415.97935,7216.4045,
416.00782,7221.5888,
416.03629,7190.8959,
416.06476,7179.8119,
416.09323,7206.1101,
416.12170,7243,
416.15017,7245.1637,
416.17864,7243.8937,
416.20711,7224.8974,
416.23558,7238.7214,
416.26405,7262.3263,
416.29253,7239.1811,
416.32100,7204.9382,
416.34947,7230.8143,
416.37794,7266.1986,
416.40641,7252.676,
416.43488,7232.6043,
416.46335,7210.0279,
416.49182,7266.4198,
416.52029,7210.6771,
416.54876,7237.9582,
416.57723,7236.6373,
416.60570,7223.3808,
416.63417,7260.7792,
416.66264,7264.9136,
416.69111,7233.2314,
416.71958,7260.4104,
416.74805,7224.7443,
416.77652,7271.4544,
416.80499,7278.7009,
416.83346,7342.7088,
416.86193,7321.4393,
416.89040,7299.0644,
416.91887,7359.7465,
416.94734,7362.9413,
416.97581,7392.5243,
417.00428,7476.1442,
417.03275,7494.4439,
417.06122,7474.1612,
417.08969,7544.3001,
417.11816,7636.7124,
417.14663,7701.9385,
417.17510,7847.4232,
417.20357,8036.2784,
417.23204,8239.8627,
417.26051,8440.8414,
417.28898,8565.7235,
417.31745,8570.5393,
417.34592,8475.6003,
417.37439,8343.6578,
417.40286,8149.9692,
417.43133,7973.599,
417.45980,7870.9208,
417.48827,7803.9209,
417.51674,7756.8785,
417.54521,7747.7612,
417.57368,7766.0255,
417.60215,7794.5148,
417.63062,7803.1154,
417.65909,7808.913,
417.68756,7818.4189,
417.71603,7824.285,
417.74450,7821.3349,
417.77297,7763.8362,
417.80144,7734.9245,
417.82991,7725.116,
417.85838,7719.4573,
417.88685,7701.3607,
417.91532,7661.5405,
417.94379,7649.7887,
417.97226,7675.7148,
418.00073,7636.6353,
418.02920,7604.3182,
418.05767,7625.4467,
418.08614,7598.3279,
418.11461,7553.673,
418.14308,7481.9148,
418.17155,7513.4829,
418.20002,7552.1831,
418.22849,7577.0988,
418.25696,7548.5366,
418.28543,7546.6813,
418.31390,7523.3128,
418.34237,7513.015,
418.37084,7509.0497,
418.39931,7518.147,
418.42778,7481.9274,
418.45625,7490.6341,
418.48472,7498.9547,
418.51319,7521.2758,
418.54166,7509.822,
418.57013,7489.5783,
418.59860,7503.3203,
418.62707,7514.2377,
418.65554,7527.9069,
418.68401,7509.1354,
418.71248,7500.1719,
418.74095,7501.9379,
418.76942,7537.4129,
418.79789,7471.8844,
418.82636,7496.0058,
418.85483,7500.7655,
418.88330,7501.9102,
418.91177,7514.5798,
418.94024,7531.9662,
418.96871,7545.3817,
418.99718,7521.942,
419.02565,7530.7902,
419.05412,7551.5095,
419.08259,7616.4244,
419.11106,7588.0585,
419.13953,7570.9235,
419.16800,7610.4195,
419.19647,7610.7891,
419.22494,7586.3157,
419.25341,7595.2695,
419.28188,7624.0821,
419.31035,7604.5568,
419.33882,7611.8108,
419.36729,7613.6791,
419.39576,7616.2567,
419.42423,7648.7477,
419.45270,7685.3995,
419.48117,7721.0743,
419.50964,7749.68,
419.53811,7719.2507,
419.56658,7744.2473,
419.59506,7755.0065,
419.62353,7760.7675,
419.65200,7759.1507,
419.68047,7722.1238,
419.70894,7696.047,
419.73741,7686.7328,
419.76588,7703.1336,
419.79435,7679.56,
419.82282,7648.8892,
419.85129,7669.8222,
419.87976,7699.2511,
419.90823,7685.8547,
419.93670,7653.124,
419.96517,7674.4299,
419.99364,7720.9143,
420.02211,7732.5867,
420.05058,7709.8739,
420.07905,7734.9362,
420.10752,7776.8937,
420.13599,7775.8016,
420.16446,7790.3224,
420.19293,7827.8238,
420.22140,7875.4225,
420.24987,7901.2157,
420.27834,7930.5307,
420.30681,7958.1624,
420.33528,8055.1869,
420.36375,8136.3665,
420.39222,8205.1892,
420.42069,8342.7478,
420.44916,8538.4045,
420.47763,8875.0788,
420.50610,9565.5556,
420.53457,10635.373,
420.56304,12129.53,
420.59151,13790.137,
420.61998,15282.043,
420.64845,16291.475,
420.67692,16668.137,
420.70539,16266.233,
420.73386,15180.283,
420.76233,13784.239,
420.79080,12375.176,
420.81927,11102.492,
420.84774,10127.341,
420.87621,9408.4375,
420.90468,8993.4253,
420.93315,8649.1506,
420.96162,8432.0717,
420.99009,8306.4971,
421.01856,8271.4441,
421.04703,8204.3331,
421.07550,8213.7924,
421.10397,8157.8823,
421.13244,8134.4899,
421.16091,8204.0145,
421.18938,8213.3995,
421.21785,8179.8442,
421.24632,8259.3836,
421.27479,8310.0661,
421.30326,8472.5492,
421.33173,8576.4915,
421.36020,8777.0865,
421.38867,8907.4964,
421.41714,8954.7318,
421.44561,8987.5239,
421.47408,8909.561,
421.50255,8856.0998,
421.53102,8709.7079,
421.55949,8588.6748,
421.58796,8474.0433,
421.61643,8431.5954,
421.64490,8372.6888,
421.67337,8334.9728,
421.70184,8334.5009,
421.73031,8357.2859,
421.75878,8308.9167,
421.78725,8299.2061,
421.81572,8394.6174,
421.84419,8349.4629,
421.87266,8340.1448,
421.90113,8360.5368,
421.92960,8415.4335,
421.95807,8414.1015,
421.98654,8449.5333,
422.01501,8455.773,
422.04348,8497.7519,
422.07195,8500.9433,
422.10042,8561.0109,
422.12889,8525.8504,
422.15736,8567.4792,
422.18583,8538.7572,
422.21430,8546.9902,
422.24277,8573.4948,
422.27124,8600.4421,
422.29971,8659.7032,
422.32818,8720.5885,
422.35665,8830.2157,
422.38512,8909.3557,
422.41359,8996.2975,
422.44206,9208.2057,
422.47053,9376.1874,
422.49900,9576.0736,
422.52747,9719.2819,
422.55594,9808.1583,
422.58441,9762.1374,
422.61288,9713.9162,
422.64135,9619.4584,
422.66982,9499.1822,
422.69829,9454.0163,
422.72676,9366.1608,
422.75523,9293.7887,
422.78370,9300.0347,
422.81217,9280.3497,
422.84064,9224.6964,
422.86911,9243.6745,
422.89759,9211.6455,
422.92606,9157.2484,
422.95453,9097.4944,
422.98300,9058.8882,
423.01147,9011.8419,
423.03994,8982.9768,
423.06841,8900.0129,
423.09688,8928.4518,
423.12535,8932.9569,
423.15382,8877.7103,
423.18229,8879.6051,
423.21076,8887.2859,
423.23923,8874.3461,
423.26770,8854.8962,
423.29617,8846.2406,
423.32464,8893.6608,
423.35311,8977.834,
423.38158,8969.824,
423.41005,9010.7437,
423.43852,9037.0978,
423.46699,9089.8562,
423.49546,9191.2489,
423.52393,9234.3655,
423.55240,9363.6253,
423.58087,9496.8946,
423.60934,9619.1679,
423.63781,9723.495,
423.66628,9736.0093,
423.69475,9730,
423.72322,9678.2567,
423.75169,9624.5066,
423.78016,9548.3441,
423.80863,9505.1598,
423.83710,9363.7143,
423.86557,9257.1967,
423.89404,9197.7734,
423.92251,9108.2431,
423.95098,9093.2718,
423.97945,9086.5336,
424.00792,9033.9754,
424.03639,8997.2439,
424.06486,9013.9125,
424.09333,9014.7784,
424.12180,8977.3736,
424.15027,8993.1902,
424.17874,9024.9109,
424.20721,8991.8325,
424.23568,9032.6037,
424.26415,9066.0316,
424.29262,9078.058,
424.32109,9059.5782,
424.34956,9088.7425,
424.37803,9107,
424.40650,9126.6307,
424.43497,9164.9043,
424.46344,9220.1261,
424.49191,9248.9478,
424.52038,9230.5137,
424.54885,9282.4044,
424.57732,9345.3424,
424.60579,9400.5297,
424.63426,9511.1589,
424.66273,9663.1863,
424.69120,9828.9975,
424.71967,10027.431,
424.74814,10309.515,
424.77661,10713.861,
424.80508,11055.63,
424.83355,11391.581,
424.86202,11592.233,
424.89049,11698.05,
424.91896,11661.739,
424.94743,11484.774,
424.97590,11216.236,
425.00437,10912.359,
425.03284,10665.479,
425.06131,10461.572,
425.08978,10278.581,
425.11825,10049.915,
425.14672,9954.4572,
425.17519,9886.1951,
425.20366,9808.7725,
425.23213,9772.2369,
425.26060,9772.2145,
425.28907,9723.4886,
425.31754,9724.9071,
425.34601,9730.1357,
425.37448,9644.0266,
425.40295,9590.1367,
425.43142,9618.3139,
425.45989,9636,
425.48836,9635.3383,
425.51683,9686.0231,
425.54530,9692.09,
425.57377,9671.364,
425.60224,9704.6217,
425.63071,9693.314,
425.65918,9685.3517,
425.68765,9732.5268,
425.71612,9802.3122,
425.74459,9783.6376,
425.77306,9825.6719,
425.80153,9931.6468,
425.83000,9965.969,
425.85847,9998.9319,
425.88694,9964.6555,
425.91541,10054.907,
425.94388,10088.851,
425.97235,10108.801,
426.00082,10133.69,
426.02929,10161.758,
426.05776,10185.141,
426.08623,10171.575,
426.11470,10113.593,
426.14317,10117.13,
426.17164,10143.407,
426.20012,10134.543,
426.22859,10155.494,
426.25706,10180.44,
426.28553,10194.518,
426.31400,10215.097,
426.34247,10215.565,
426.37094,10263.949,
426.39941,10310.65,
426.42788,10344.137,
426.45635,10443.729,
426.48482,10482.372,
426.51329,10487.658,
426.54176,10447.864,
426.57023,10525.937,
426.59870,10490.117,
426.62717,10438.479,
426.65564,10455.892,
426.68411,10448.495,
426.71258,10485.952,
426.74105,10506.812,
426.76952,10482.389,
426.79799,10501.497,
426.82646,10558.341,
426.85493,10578.396,
426.88340,10610.207,
426.91187,10665.694,
426.94034,10701.677,
426.96881,10750.432,
426.99728,10733.573,
427.02575,10825.194,
427.05422,10846.215,
427.08269,10870.65,
427.11116,10963.203,
427.13963,10958.897,
427.16810,11021.373,
427.19657,11117.185,
427.22504,11185.996,
427.25351,11312.764,
427.28198,11769.276,
427.31045,11739.156,
427.33892,11761.376,
427.36739,11915.32,
427.39586,12175.62,
427.42433,12439.952,
427.45280,12751.154,
427.48127,13068.092,
427.50974,13382.018,
427.53821,13655.369,
427.56668,13906,
427.59515,14261.155,
427.62362,14557.269,
427.65209,14828.54,
427.68056,15145.581,
427.70903,15200.607,
427.73750,15149.335,
427.76597,14799.068,
427.79444,14526.785,
427.82291,14145.847,
427.85138,13690.429,
427.87985,13423.821,
427.90832,13207.223,
427.93679,13118.186,
427.96526,13089.194,
427.99373,13183.03,
428.02220,13258.467,
428.05067,13504.895,
428.07914,13598.036,
428.10761,13925.611,
428.13608,14316.037,
428.16455,14912.6,
428.19302,15420.03,
428.22149,16360.666,
428.24996,17399.132,
428.27843,18771.809,
428.30690,20144.431,
428.33537,21533.309,
428.36384,22501.388,
428.39231,23055.699,
428.42078,23074.757,
428.44925,22772.289,
428.47772,22186.924,
428.50619,21489.012,
428.53466,20882.496,
428.56313,20489.625,
428.59160,20211.923,
428.62007,19958,
428.64854,19828.074,
428.67701,19848.373,
428.70548,19908.713,
428.73395,20213.21,
428.76242,20717.559,
428.79089,21570.336,
428.81936,22382.52,
428.84783,23110.088,
428.87630,23694.234,
428.90477,23666.145,
428.93324,23198.176,
428.96171,22406.656,
428.99018,21585.582,
429.01865,20583.448,
429.04712,19645.799,
429.07559,18756.374,
429.10406,18194.249,
429.13253,17776.337,
429.16100,17356.84,
429.18947,17089.06,
429.21794,16853.16,
429.24641,16770.172,
429.27488,16671.762,
429.30335,16677.815,
429.33182,16719.162,
429.36029,16771.192,
429.38876,16870.118,
429.41723,17017.42,
429.44570,17177.236,
429.47417,17402.558,
429.50265,19172.665,
429.53112,21128.52,
429.55959,18892.251,
429.58806,18189.199,
429.61653,18437.082,
429.64500,18687.261,
429.67347,18865.348,
429.70194,18978.942,
429.73041,18983.897,
429.75888,18936.328,
429.78735,18912.625,
429.81582,18790.446,
429.84429,18693.955,
429.87276,18698.767,
429.90123,18657.972,
429.92970,18634.117,
429.95817,18586.987,
429.98664,18554.192,
430.01511,18580.75,
430.04358,18669.048,
430.07205,18814.674,
430.10052,18951.725,
430.12899,19003.061,
430.15746,19144.319,
430.18593,19312.682,
430.21440,19359.849,
430.24287,19492.245,
430.27134,19621.393,
430.29981,19658.798,
430.32828,19659.229,
430.35675,19681.918,
430.38522,19641.443,
430.41369,19623.882,
430.44216,19474.381,
430.47063,19320.99,
430.49910,19166.619,
430.52757,19062.672,
430.55604,18895.338,
430.58451,18852.95,
430.61298,18875.928,
430.64145,18755.746,
430.66992,18578.8,
430.69839,18389.049,
430.72686,18214.637,
430.75533,17918.252,
430.78380,17678.904,
430.81227,17417.851,
430.84074,17268.036,
430.86921,17214.331,
430.89768,17152.798,
430.92615,17198.097,
430.95462,17227.942,
430.98309,17300.863,
431.01156,17119.119,
431.04003,17087.92,
431.06850,17073.201,
431.09697,16876.295,
431.12544,16945.069,
431.15391,16951.912,
431.18238,16762.229,
431.21085,16692.272,
431.23932,16624.489,
431.26779,16435.045,
431.29626,16442.573,
431.32473,16361.343,
431.35320,16335.597,
431.38167,16242.971,
431.41014,16366.375,
431.43861,16403.459,
431.46708,16294.929,
431.49555,16325.348,
431.52402,16496.874,
431.55249,16424.663,
431.58096,16418.955,
431.60943,16549.177,
431.63790,16516.807,
431.66637,16525.136,
431.69484,16604.922,
431.72331,16704.66,
431.75178,16826.029,
431.78025,16861.909,
431.80872,16967.516,
431.83719,17163.719,
431.86566,17331.406,
431.89413,17702.96,
431.92260,18038.552,
431.95107,18408.063,
431.97954,18937.51,
432.00801,19286.718,
432.03648,19675.614,
432.06495,19964.66,
432.09342,20066.723,
432.12189,19943.728,
432.15036,19653.323,
432.17883,19238.427,
432.20730,18702.622,
432.23577,18090.509,
432.26424,17561.831,
432.29271,17112.204,
432.32118,16840.72,
432.34965,16592.151,
432.37812,16474.911,
432.40659,16353.842,
432.43506,16229.807,
432.46353,16204.917,
432.49200,16106.978,
432.52047,15985.388,
432.54894,15837.922,
432.57741,15695.93,
432.60588,15559.202,
432.63435,15370.221,
432.66282,15232.085,
432.69129,15138.898,
432.71976,15084.326,
432.74823,15048.353,
432.77670,14990.142,
432.80518,14930.681,
432.83365,14903.89,
432.86212,14885.052,
432.89059,14846.5,
432.91906,14881.353,
432.94753,14785.955,
432.97600,14775.194,
433.00447,14702.585,
433.03294,14772.068,
433.06141,14768.646,
433.08988,14726.823,
433.11835,14706.275,
433.14682,14597.236,
433.17529,14543.888,
433.20376,14582.086,
433.23223,14493.54,
433.26070,14415.979,
433.28917,14415.391,
433.31764,14466.043,
433.34611,14461.384,
433.37458,14370.405,
433.40305,14339.558,
433.43152,14349.606,
433.45999,14369.554,
433.48846,14254.156,
433.51693,14277.795,
433.54540,14243.01,
433.57387,14265.149,
433.60234,14271.773,
433.63081,14156.995,
433.65928,14136.06,
433.68775,14204.112,
433.71622,14206.633,
433.74469,14226.571,
433.77316,14234.164,
433.80163,14254.141,
433.83010,14204.621,
433.85857,14219.875,
433.88704,14220.393,
433.91551,14328.457,
433.94398,14387.118,
433.97245,14411.844,
434.00092,14518.264,
434.02939,14599.737,
434.05786,14641.383,
434.08633,14641.283,
434.11480,14598.667,
434.14327,14598.459,
434.17174,14566.332,
434.20021,14464.618,
434.22868,14449.244,
434.25715,14405.9,
434.28562,14256.257,
434.31409,14214.681,
434.34256,14212.183,
434.37103,14153.317,
434.39950,14174.136,
434.42797,14168.621,
434.45644,14217.702,
434.48491,14184.761,
434.51338,14139.876,
434.54185,14175.529,
434.57032,14214.054,
434.59879,14168.504,
434.62726,14271.232,
434.65573,14312.828,
434.68420,14241.153,
434.71267,14330.635,
434.74114,14401.07,
434.76961,14365.645,
434.79808,14473.689,
434.82655,14438.041,
434.85502,14396.907,
434.88349,14287.413,
434.91196,14321.784,
434.94043,14296.096,
434.96890,14223.757,
434.99737,14204.057,
435.02584,14194.142,
435.05431,14091.443,
435.08278,14146.791,
435.11125,14151.02,
435.13972,14083.009,
435.16819,14106.236,
435.19666,14124.033,
435.22513,14127,
435.25360,14122.513,
435.28207,14101.773,
435.31054,14109.592,
435.33901,14169.886,
435.36748,14166.609,
435.39595,14149.381,
435.42442,14183.327,
435.45289,14225.464,
435.48136,14155.248,
435.50983,14082.26,
435.53830,14074.013,
435.56677,14091.356,
435.59524,14065.393,
435.62371,14065.626,
435.65218,14056.121,
435.68065,14041.187,
435.70912,14043.197,
435.73759,14110.457,
435.76606,14109.78,
435.79453,14066.164,
435.82300,14082.355,
435.85147,14021.814,
435.87994,13975.63,
435.90841,13993.335,
435.93688,13924.965,
435.96535,13952.579,
435.99382,13890.544,
436.02229,13806.441,
436.05076,13830,
436.07923,13763.402,
436.10771,13885.649,
436.13618,13802.678,
436.16465,13704.576,
436.19312,13759.083,
436.22159,13770.561,
436.25006,13683.391,
436.27853,13618.935,
436.30700,13651.202,
436.33547,13611.813,
436.36394,13643.834,
436.39241,13588.472,
436.42088,13642.653,
436.44935,13608.295,
436.47782,13642.708,
436.50629,13661.118,
436.53476,13645.741,
436.56323,13839.297,
436.59170,14066.791,
436.62017,13887.546,
436.64864,13642.329,
436.67711,13679.346,
436.70558,13681.397,
436.73405,13917.201,
436.76252,14324.016,
436.79099,14226.259,
436.81946,13891.217,
436.84793,13693.798,
436.87640,13696.798,
436.90487,13693.829,
436.93334,13659.376,
436.96181,13678.743,
436.99028,13667.945,
437.01875,13658.32,
437.04722,13695.32,
437.07569,13804.227,
437.10416,13735.143,
437.13263,13621.757,
437.16110,13687.94,
437.18957,13767.798,
437.21804,13732.39,
437.24651,13763.362,
437.27498,13808.57,
437.30345,13870.287,
437.33192,13856.975,
437.36039,13888.125,
437.38886,13833.094,
437.41733,13852.678,
437.44580,13754.711,
437.47427,13746.584,
437.50274,13714.329,
437.53121,13697.272,
437.55968,13656.466,
437.58815,13490.392,
437.61662,13493.736,
437.64509,13540.158,
437.67356,13480,
437.70203,13471.796,
437.73050,13429.272,
437.75897,13341.713,
437.78744,13317.622,
437.81591,13270.28,
437.84438,13269.173,
437.87285,13240.568,
437.90132,13235.342,
437.92979,13253.431,
437.95826,13156.574,
437.98673,13195.179,
438.01520,13217.17,
438.04367,13168.488,
438.07214,13176.044,
438.10061,13133.799,
438.12908,13151.213,
438.15755,13184.298,
438.18602,13132.715,
438.21449,13169.075,
438.24296,13114.967,
438.27143,13159.222,
438.29990,13241.968,
438.32837,13164.9,
438.35684,13105.965,
438.38531,13163.363,
438.41378,13139.238,
438.44225,13156.184,
438.47072,13153.055,
438.49919,13140.259,
438.52766,13088.238,
438.55613,13135.154,
438.58460,13050.139,
438.61307,12998.846,
438.64154,12962.601,
438.67001,12967.244,
438.69848,12951.035,
438.72695,12889.292,
438.75542,12927.689,
438.78389,12836.879,
438.81236,12885.427,
438.84083,12871.947,
438.86930,12830.976,
438.89777,12855.201,
438.92624,12856.603,
438.95471,12798.103,
438.98318,12788.953,
439.01165,12798.286,
439.04012,12795.95,
439.06859,12819.786,
439.09706,12810.691,
439.12553,12795.626,
439.15400,12854.922,
439.18247,12806.739,
439.21094,12823.396,
439.23941,12810.93,
439.26788,12836.702,
439.29635,12830.438,
439.32482,12838.408,
439.35329,12817.028,
439.38176,12765.202,
439.41024,12706.889,
439.43871,12740.678,
439.46718,12707.016,
439.49565,12674.904,
439.52412,12623.525,
439.55259,12673.057,
439.58106,12699.513,
439.60953,12641.133,
439.63800,12618.957,
439.66647,12616.93,
439.69494,12634.583,
439.72341,12635.142,
439.75188,12638.25,
439.78035,12626.512,
439.80882,12601.378,
439.83729,12546.987,
439.86576,12533.264,
439.89423,12517.86,
439.92270,12510.29,
439.95117,12487.842,
439.97964,12451.319,
440.00811,12499.091,
440.03658,12496.682,
440.06505,12468.205,
440.09352,12434.015,
440.12199,12423.607,
440.15046,12410.408,
440.17893,12413.831,
440.20740,12373.585,
440.23587,12431.093,
440.26434,12399.686,
440.29281,12429.427,
440.32128,12335.332,
440.34975,12443.514,
440.37822,12426.902,
440.40669,12341.595,
440.43516,12405.944,
440.46363,12353.032,
440.49210,12355.466,
440.52057,12379.76,
440.54904,12390.422,
440.57751,12292.334,
440.60598,12333.269,
440.63445,12307.074,
440.66292,12350.305,
440.69139,12322.245,
440.71986,12245.982,
440.74833,12313.858,
440.77680,12283.078,
440.80527,12209.383,
440.83374,12243.904,
440.86221,12262.138,
440.89068,12262.055,
440.91915,12270.415,
440.94762,12323.202,
440.97609,12349.907,
441.00456,12329.949,
441.03303,12299.851,
441.06150,12221.438,
441.08997,12206.255,
441.11844,12267.914,
441.14691,12264.953,
441.17538,12179.036,
441.20385,12278.386,
441.23232,12223.059,
441.26079,12249.54,
441.28926,12214.304,
441.31773,12266.983,
441.34620,12241.704,
441.37467,12228.305,
441.40314,12168.86,
441.43161,12241.491,
441.46008,12299.362,
441.48855,12245.001,
441.51702,12246.831,
441.54549,12263.598,
441.57396,12268.421,
441.60243,12288.315,
441.63090,12281.257,
441.65937,12307.273,
441.68784,12290.775,
441.71631,12281.813,
441.74478,12277.104,
441.77325,12237.835,
441.80172,12279.465,
441.83019,12258.133,
441.85866,12250.14,
441.88713,12281.573,
441.91560,12307.315,
441.94407,12279.042,
441.97254,12280.231,
442.00101,12274.245,
442.02948,12285.561,
442.05795,12310.939,
442.08642,12275.485,
442.11489,12381.463,
442.14336,12385.027,
442.17183,12400.287,
442.20030,12321.639,
442.22877,12304.048,
442.25724,12356.538,
442.28571,12372.541,
442.31418,12349.211,
442.34265,12289.654,
442.37112,12298.567,
442.39959,12289.194,
442.42806,12266.303,
442.45653,12225.453,
442.48500,12240.496,
442.51347,12160.095,
442.54194,12141.96,
442.57041,12144.523,
442.59888,12128.569,
442.62735,12086.323,
442.65582,12032.736,
442.68429,12022.548,
442.71277,12066.263,
442.74124,12070.263,
442.76971,12079.856,
442.79818,12067.072,
442.82665,12087.431,
442.85512,12073.544,
442.88359,12063.677,
442.91206,12108.69,
442.94053,12092.219,
442.96900,12027.207,
442.99747,12079.321,
443.02594,12151.121,
443.05441,12083.686,
443.08288,12154.965,
443.11135,12087.423,
443.13982,12112.404,
443.16829,12092.758,
443.19676,12094.536,
443.22523,12033.579,
443.25370,12056.992,
443.28217,12071.755,
443.31064,12042.903,
443.33911,12048.31,
443.36758,12090.251,
443.39605,12072.468,
443.42452,12115.835,
443.45299,12177.078,
443.48146,12187,
443.50993,12169.397,
443.53840,12154.515,
443.56687,12195.702,
443.59534,12210.237,
443.62381,12186.209,
443.65228,12219.018,
443.68075,12304.709,
443.70922,12290,
